City_ID,City,Lat,Lng,Max Temp,Humidity,Cloudiness,Wind Speed,Country,Date
0,Mbala,-8.84,31.37,64.99,63,51,8.68,ZM,2020-11-01 00:18:01
1,Port Lincoln,-34.73,135.87,60.13,76,4,13.73,AU,2020-11-01 00:11:55
2,Leningradskiy,69.38,178.42,17.02,89,53,7.67,RU,2020-11-01 00:11:25
3,Rochegda,62.8,43.25,29.8,98,0,1.61,RU,2020-11-01 00:18:01
4,Ushuaia,-54.8,-68.3,48.2,93,75,9.17,AR,2020-11-01 00:10:16
5,Tuatapere,-46.13,167.68,57.0,74,71,8.99,NZ,2020-11-01 00:11:49
6,Vaini,-21.2,-175.2,77.0,83,75,11.41,TO,2020-11-01 00:11:23
7,Laguna,38.42,-121.42,82.0,22,1,2.15,US,2020-11-01 00:14:42
8,Tomigusuku,26.18,127.67,75.2,60,20,10.29,JP,2020-11-01 00:18:02
9,Bredasdorp,-34.53,20.04,48.2,93,0,3.36,ZA,2020-11-01 00:11:27
10,Mar Del Plata,-38.0,-57.56,60.01,71,0,5.82,AR,2020-11-01 00:11:38
11,Taoudenni,22.68,-3.98,76.93,19,100,13.04,ML,2020-11-01 00:13:58
12,Pevek,69.7,170.31,14.79,95,58,12.1,RU,2020-11-01 00:11:58
13,Albany,42.6,-73.97,34.0,83,0,5.37,US,2020-11-01 00:11:18
14,Punta Arenas,-53.15,-70.92,55.4,62,40,12.75,CL,2020-11-01 00:11:28
15,Galveston,29.37,-94.97,68.0,63,1,5.82,US,2020-11-01 00:15:11
16,Barrow,71.29,-156.79,24.8,68,75,9.17,US,2020-11-01 00:11:11
17,Zyryanka,65.75,150.85,4.05,93,99,4.85,RU,2020-11-01 00:16:16
18,Fairbanks,64.84,-147.72,10.0,71,90,2.08,US,2020-11-01 00:11:04
19,Hobart,-42.88,147.33,64.0,67,75,10.29,AU,2020-11-01 00:11:12
20,Chuy,-33.7,-53.46,53.83,83,4,4.94,UY,2020-11-01 00:11:53
21,Port Alfred,-33.59,26.89,61.34,81,52,10.63,ZA,2020-11-01 00:11:25
22,Cape Town,-33.93,18.42,59.0,58,0,11.41,ZA,2020-11-01 00:10:33
23,Mataura,-46.19,168.86,57.0,74,50,8.99,NZ,2020-11-01 00:11:13
24,Emerald,-23.53,148.17,84.0,30,0,17.22,AU,2020-11-01 00:18:05
25,Busselton,-33.65,115.33,60.01,78,100,1.34,AU,2020-11-01 00:11:17
26,Lebu,-37.62,-73.65,52.36,89,8,8.7,CL,2020-11-01 00:11:19
27,Maine-Soroa,13.21,12.02,78.3,22,0,8.32,NE,2020-11-01 00:18:05
28,Pisco,-13.7,-76.22,64.4,82,0,18.34,PE,2020-11-01 00:11:54
29,Bluff,-46.6,168.33,57.0,74,96,8.99,NZ,2020-11-01 00:11:32
30,Qaanaaq,77.48,-69.36,6.35,82,49,5.77,GL,2020-11-01 00:11:26
31,Port Elizabeth,-33.92,25.57,64.4,88,75,8.05,ZA,2020-11-01 00:11:24
32,Thompson,55.74,-97.86,19.4,67,75,9.17,CA,2020-11-01 00:11:12
33,Hermanus,-34.42,19.23,57.0,82,0,5.01,ZA,2020-11-01 00:11:15
34,Ciudad Bolivar,8.12,-63.55,81.37,78,87,10.51,VE,2020-11-01 00:18:06
35,Aklavik,68.22,-135.01,-0.4,84,20,2.64,CA,2020-11-01 00:07:04
36,Hasaki,35.73,140.83,57.0,81,40,6.93,JP,2020-11-01 00:11:11
37,Saint-Augustin,51.23,-58.65,28.81,79,3,10.54,CA,2020-11-01 00:11:27
38,Atuona,-9.8,-139.03,78.4,75,10,16.35,PF,2020-11-01 00:11:32
39,Itarema,-2.92,-39.92,79.34,84,88,13.11,BR,2020-11-01 00:12:30
40,Rikitea,-23.12,-134.97,75.96,66,0,6.31,PF,2020-11-01 00:11:12
41,Ostrovnoy,68.05,39.51,27.79,95,91,18.12,RU,2020-11-01 00:11:14
42,Verkhnevilyuysk,63.45,120.32,-3.71,92,93,3.74,RU,2020-11-01 00:15:44
43,Butaritari,3.07,172.79,81.77,75,99,14.99,KI,2020-11-01 00:11:31
44,Jamestown,42.1,-79.24,37.99,69,1,8.05,US,2020-11-01 00:10:50
45,Arraial Do Cabo,-22.97,-42.03,71.11,82,92,17.96,BR,2020-11-01 00:06:40
46,San Vicente,-26.62,-54.13,63.12,80,59,5.95,AR,2020-11-01 00:18:08
47,Constitucion,-35.33,-72.42,55.26,88,9,6.2,CL,2020-11-01 00:12:14
48,Minab,27.15,57.08,69.8,77,0,4.7,IR,2020-11-01 00:18:09
49,Broken Hill,-31.95,141.43,62.6,63,0,10.29,AU,2020-11-01 00:18:09
50,Hithadhoo,-0.6,73.08,83.88,69,100,8.95,MV,2020-11-01 00:11:19
51,Yellowknife,62.46,-114.35,21.2,92,90,10.29,CA,2020-11-01 00:11:18
52,Flinders,-34.58,150.86,62.01,88,90,8.99,AU,2020-11-01 00:07:40
53,Glace Bay,46.2,-59.96,36.0,82,75,6.93,CA,2020-11-01 00:18:09
54,New Norfolk,-42.78,147.06,64.0,58,21,1.01,AU,2020-11-01 00:11:36
55,Georgetown,5.41,100.34,77.0,94,40,8.05,MY,2020-11-01 00:07:29
56,Geraldton,-28.77,114.6,62.6,88,75,17.22,AU,2020-11-01 00:10:15
57,Khatanga,71.97,102.5,-5.94,87,47,8.93,RU,2020-11-01 00:12:13
58,Vernon,50.26,-119.27,45.0,80,87,4.7,CA,2020-11-01 00:18:10
59,Puerto Ayora,-0.74,-90.35,70.0,92,95,8.99,EC,2020-11-01 00:11:19
60,Port Blair,11.67,92.75,79.92,81,12,4.68,IN,2020-11-01 00:14:33
61,Huai Thalaeng,15.0,102.65,75.99,100,75,4.7,TH,2020-11-01 00:18:11
62,Shar,49.59,81.05,31.26,95,0,5.59,KZ,2020-11-01 00:16:07
63,San Carlos De Bariloche,-41.15,-71.31,73.4,42,0,6.93,AR,2020-11-01 00:13:22
64,Ancud,-41.87,-73.82,62.6,55,0,6.93,CL,2020-11-01 00:11:26
65,Pacific Grove,36.62,-121.92,72.0,60,1,3.36,US,2020-11-01 00:12:47
66,Bandarbeyla,9.49,50.81,76.82,84,39,12.62,SO,2020-11-01 00:15:27
67,Isangel,-19.55,169.27,80.31,70,92,14.54,VU,2020-11-01 00:11:42
68,Saldanha,-33.01,17.94,57.2,62,0,6.93,ZA,2020-11-01 00:11:41
69,Nanortalik,60.14,-45.24,28.67,89,55,21.45,GL,2020-11-01 00:11:59
70,Saraland,30.82,-88.07,64.0,88,0,2.66,US,2020-11-01 00:18:12
71,Kaltasy,55.97,54.8,37.45,97,100,6.02,RU,2020-11-01 00:18:12
72,Carnarvon,-24.87,113.63,71.6,68,90,17.22,AU,2020-11-01 00:11:46
73,Los Llanos De Aridane,28.66,-17.92,80.6,22,0,12.75,ES,2020-11-01 00:07:43
74,Arlit,18.74,7.39,76.46,22,0,15.48,NE,2020-11-01 00:18:13
75,Ponta Do Sol,32.67,-17.1,72.0,68,20,8.05,PT,2020-11-01 00:12:11
76,Bambous Virieux,-20.34,57.76,66.2,82,40,11.41,MU,2020-11-01 00:11:41
77,Kapaa,22.08,-159.32,82.4,69,75,6.93,US,2020-11-01 00:11:17
78,Arona,28.1,-16.68,75.2,44,0,13.87,ES,2020-11-01 00:16:20
79,Havre-Saint-Pierre,50.23,-63.6,28.4,68,1,11.41,CA,2020-11-01 00:09:23
80,Petrivka,46.97,30.96,46.4,93,90,11.18,UA,2020-11-01 00:18:14
81,Dikson,73.51,80.55,18.36,98,100,7.0,RU,2020-11-01 00:11:23
82,Narsaq,60.92,-46.05,24.8,79,98,0.85,GL,2020-11-01 00:11:56
83,Saint-Philippe,-21.36,55.77,66.2,59,0,9.17,RE,2020-11-01 00:11:22
84,Chokurdakh,70.63,147.92,-8.9,91,85,7.85,RU,2020-11-01 00:11:34
85,Umm Lajj,25.02,37.27,77.56,69,0,0.92,SA,2020-11-01 00:18:15
86,Saint George,37.1,-113.58,75.2,13,1,0.98,US,2020-11-01 00:12:49
87,Cayenne,4.93,-52.33,77.0,100,75,2.24,GF,2020-11-01 00:12:38
88,Cabo San Lucas,22.89,-109.91,82.0,69,20,5.82,MX,2020-11-01 00:11:15
89,Port Hardy,50.7,-127.42,50.0,76,90,9.17,CA,2020-11-01 00:12:55
90,Palana,59.12,159.97,33.49,87,100,4.9,RU,2020-11-01 00:18:15
91,Ust-Kuyga,70.02,135.6,-3.51,90,100,6.04,RU,2020-11-01 00:11:43
92,Iqaluit,63.75,-68.51,10.4,78,40,6.93,CA,2020-11-01 00:12:34
93,Puerto Penasco,31.32,-113.53,75.99,70,100,1.01,MX,2020-11-01 00:18:16
94,Muros,42.78,-9.06,64.0,91,100,13.0,ES,2020-11-01 00:15:55
95,Sabang,5.89,95.32,81.95,77,94,9.78,ID,2020-11-01 00:17:05
96,Cherskiy,68.75,161.3,10.9,89,97,2.91,RU,2020-11-01 00:12:26
97,Placido De Castro,-10.34,-67.19,69.3,81,100,2.55,BR,2020-11-01 00:14:52
98,Verrettes,19.05,-72.47,84.2,66,100,14.99,HT,2020-11-01 00:18:17
99,Chapleau,47.84,-83.4,32.0,88,75,14.99,CA,2020-11-01 00:18:17
100,Karratha,-20.74,116.85,77.49,57,0,12.15,AU,2020-11-01 00:16:35
101,Stillwater,36.12,-97.06,64.4,45,1,4.7,US,2020-11-01 00:18:17
102,Kaitangata,-46.28,169.85,60.01,55,81,18.01,NZ,2020-11-01 00:11:15
103,Zhangye,38.93,100.45,33.35,74,53,1.92,CN,2020-11-01 00:18:17
104,Tigil,57.8,158.67,37.15,76,100,4.61,RU,2020-11-01 00:18:18
105,Cacota,7.27,-72.64,53.91,93,98,0.43,CO,2020-11-01 00:18:18
106,Monchegorsk,67.94,32.87,27.28,92,97,7.02,RU,2020-11-01 00:18:18
107,Harlingen,26.19,-97.7,73.99,60,1,11.41,US,2020-11-01 00:18:18
108,Ust-Tsilma,65.44,52.15,33.51,92,95,8.81,RU,2020-11-01 00:18:18
109,Ahuimanu,21.44,-157.84,86.0,65,40,5.82,US,2020-11-01 00:18:19
110,Okakarara,-20.58,17.43,71.58,47,50,8.12,NA,2020-11-01 00:18:19
111,Locri,38.24,16.26,64.4,72,0,11.41,IT,2020-11-01 00:18:19
112,Bethel,41.37,-73.41,36.0,74,1,4.7,US,2020-11-01 00:11:44
113,Peniche,39.36,-9.38,64.99,86,97,6.13,PT,2020-11-01 00:12:21
114,Deder,9.32,41.45,52.7,86,4,2.24,ET,2020-11-01 00:18:20
115,Clyde River,70.47,-68.59,15.8,85,75,14.99,CA,2020-11-01 00:11:36
116,Virginia Beach,36.85,-75.98,54.0,62,75,4.7,US,2020-11-01 00:15:43
117,Mercedes,-34.65,-59.43,61.0,58,0,1.01,AR,2020-11-01 00:18:20
118,Touros,-5.2,-35.46,78.8,83,40,9.17,BR,2020-11-01 00:15:39
119,Avarua,-21.21,-159.78,75.2,83,99,12.75,CK,2020-11-01 00:11:14
120,Tuktoyaktuk,69.45,-133.04,-2.2,84,75,4.7,CA,2020-11-01 00:11:51
121,Tautira,-17.73,-149.15,86.0,58,40,8.05,PF,2020-11-01 00:06:58
122,Isabela,6.71,121.97,78.8,94,90,0.78,PH,2020-11-01 00:18:21
123,Kupang,-10.17,123.58,87.44,49,63,1.59,ID,2020-11-01 00:14:29
124,Amealco,20.18,-100.15,77.0,29,20,16.11,MX,2020-11-01 00:18:21
125,Sandovo,58.46,36.41,31.6,98,0,4.21,RU,2020-11-01 00:18:22
126,Fare,-16.7,-151.02,79.97,74,0,18.19,PF,2020-11-01 00:18:22
127,Robe,-37.18,139.75,57.43,72,29,7.2,AU,2020-11-01 00:18:22
128,Ribeira Grande,38.52,-28.7,68.99,93,67,21.03,PT,2020-11-01 00:11:16
129,Zhuhai,22.28,113.57,73.99,78,40,6.93,CN,2020-11-01 00:14:54
130,Lavrentiya,65.58,-171.0,22.19,90,16,8.14,RU,2020-11-01 00:12:44
131,Balabac,7.99,117.06,81.34,80,82,5.41,PH,2020-11-01 00:18:23
132,Buchanan,5.88,-10.05,77.94,90,89,6.2,LR,2020-11-01 00:18:23
133,East London,-33.02,27.91,64.92,73,92,10.76,ZA,2020-11-01 00:11:23
134,Qaqortoq,60.72,-46.03,24.8,79,89,2.13,GL,2020-11-01 00:12:28
135,Yulara,-25.24,130.99,78.8,19,0,14.99,AU,2020-11-01 00:12:14
136,Erzin,36.96,36.2,69.01,76,0,1.83,TR,2020-11-01 00:16:00
137,Mehamn,71.04,27.85,37.17,81,84,14.2,NO,2020-11-01 00:11:18
138,Saskylakh,71.92,114.08,-5.44,86,1,7.65,RU,2020-11-01 00:11:22
139,Kamina,-8.74,24.99,63.23,92,7,3.65,CD,2020-11-01 00:18:24
140,Kruisfontein,-34.0,24.73,57.99,91,38,3.33,ZA,2020-11-01 00:11:51
141,Murray Bridge,-35.12,139.27,64.99,74,2,3.76,AU,2020-11-01 00:17:05
142,Bratsk,56.13,101.61,3.2,84,72,4.47,RU,2020-11-01 00:18:25
143,Coquimbo,-29.95,-71.34,55.4,82,75,9.17,CL,2020-11-01 00:11:47
144,Susanville,40.42,-120.65,71.01,13,1,4.0,US,2020-11-01 00:18:25
145,Vostok,46.49,135.88,41.0,86,82,6.02,RU,2020-11-01 00:07:44
146,Henties Bay,-22.12,14.28,54.0,93,48,3.0,NA,2020-11-01 00:18:26
147,Okhotsk,59.38,143.3,15.66,87,53,15.28,RU,2020-11-01 00:12:57
148,Mataram,-8.58,116.12,78.8,88,75,4.7,ID,2020-11-01 00:13:31
149,Lianzhou,24.78,112.38,68.2,80,14,2.04,CN,2020-11-01 00:18:26
150,Alice Springs,-23.7,133.88,77.0,20,42,12.75,AU,2020-11-01 00:14:57
151,Nioki,-2.72,17.68,71.94,97,93,2.15,CD,2020-11-01 00:18:26
152,Tasiilaq,65.61,-37.64,32.0,93,100,18.34,GL,2020-11-01 00:06:21
153,Aitape,-3.14,142.35,86.9,61,51,4.72,PG,2020-11-01 00:18:27
154,Gizo,-8.1,156.84,85.1,67,27,3.58,SB,2020-11-01 00:11:34
155,Kodiak,57.79,-152.41,37.4,40,1,14.99,US,2020-11-01 00:11:32
156,Faanui,-16.48,-151.75,79.57,73,0,19.39,PF,2020-11-01 00:14:42
157,Canico,32.63,-16.85,72.0,68,20,8.05,PT,2020-11-01 00:18:27
158,Mahebourg,-20.41,57.7,66.2,82,40,11.41,MU,2020-11-01 00:11:26
159,Hamilton,39.18,-84.53,52.0,57,1,3.36,US,2020-11-01 00:09:20
160,Sao Filipe,14.9,-24.5,79.74,67,88,9.64,CV,2020-11-01 00:11:41
161,Matamoros,25.53,-103.25,86.0,17,20,6.13,MX,2020-11-01 00:18:28
162,Torbay,47.67,-52.73,34.0,85,75,11.41,CA,2020-11-01 00:11:42
163,Lagos,6.58,3.75,80.6,94,20,2.24,NG,2020-11-01 00:07:54
164,Upernavik,72.79,-56.15,16.0,95,96,13.56,GL,2020-11-01 00:11:30
165,Jashpurnagar,22.9,84.15,62.94,78,28,5.32,IN,2020-11-01 00:18:29
166,Chulman,56.85,124.91,0.82,90,99,7.45,RU,2020-11-01 00:18:29
167,Sinnamary,5.38,-52.95,80.94,83,89,10.92,GF,2020-11-01 00:12:09
168,Bilibino,68.05,166.44,4.14,85,73,2.55,RU,2020-11-01 00:17:50
169,Mosetse,-20.75,26.65,71.94,42,11,18.34,BW,2020-11-01 00:18:30
170,Castro,-24.79,-50.01,52.9,92,77,7.25,BR,2020-11-01 00:11:49
171,Anadyr,64.75,177.48,5.0,84,40,8.95,RU,2020-11-01 00:11:54
172,Monrovia,6.3,-10.8,78.17,88,41,5.95,LR,2020-11-01 00:16:19
173,Victor Harbor,-35.57,138.62,62.01,70,8,8.05,AU,2020-11-01 00:18:30
174,San Quintin,30.48,-115.95,71.94,54,47,8.93,MX,2020-11-01 00:18:30
175,Annau,37.89,58.52,48.2,49,19,2.24,TM,2020-11-01 00:15:09
176,Puerto Colombia,10.99,-74.95,82.6,77,99,7.25,CO,2020-11-01 00:18:31
177,Severo-Kurilsk,50.68,156.12,43.54,76,74,16.78,RU,2020-11-01 00:11:20
178,San Patricio,28.02,-97.52,73.4,56,20,11.41,US,2020-11-01 00:06:37
179,Kaoma,-14.78,24.8,68.45,29,18,6.82,ZM,2020-11-01 00:18:31
180,Wajid,3.81,43.25,74.48,82,69,14.45,SO,2020-11-01 00:11:33
181,Tashara,55.52,83.51,32.74,95,94,10.96,RU,2020-11-01 00:18:32
182,Isilkul,54.91,71.27,35.92,83,73,11.41,RU,2020-11-01 00:18:32
183,Olafsvik,64.89,-23.71,42.22,83,69,8.23,IS,2020-11-01 00:08:11
184,Jibuti,11.5,42.5,82.4,65,40,14.94,DJ,2020-11-01 00:18:33
185,Klaksvik,62.23,-6.59,46.4,100,95,8.05,FO,2020-11-01 00:11:30
186,Guerrero Negro,27.98,-114.06,74.82,43,87,11.05,MX,2020-11-01 00:11:35
187,Kutum,14.2,24.67,73.85,31,59,13.2,SD,2020-11-01 00:11:14
188,Pangnirtung,66.15,-65.71,12.51,79,100,5.08,CA,2020-11-01 00:11:27
189,Ketchikan,55.34,-131.65,50.0,100,90,18.34,US,2020-11-01 00:15:51
190,Cidreira,-30.18,-50.21,62.37,76,30,8.21,BR,2020-11-01 00:11:14
191,Susner,23.95,76.08,64.44,27,0,0.76,IN,2020-11-01 00:18:34
192,Makinsk,52.63,70.42,33.93,84,29,9.13,KZ,2020-11-01 00:18:34
193,Ankara,39.92,32.85,43.0,93,0,4.7,TR,2020-11-01 00:14:36
194,Jalu,29.03,21.55,65.75,70,75,6.51,LY,2020-11-01 00:16:18
195,Baruun-Urt,46.68,113.28,21.25,84,0,10.31,MN,2020-11-01 00:18:35
196,Shingu,33.73,135.98,64.4,59,75,9.17,JP,2020-11-01 00:16:25
197,Kavieng,-2.57,150.8,85.39,72,2,10.18,PG,2020-11-01 00:11:21
198,Manicore,-5.81,-61.3,79.23,79,95,3.89,BR,2020-11-01 00:18:35
199,Alofi,-19.06,-169.92,78.8,88,54,18.34,NU,2020-11-01 00:12:30
200,Varkkallai,8.73,76.71,80.6,94,20,2.75,IN,2020-11-01 00:12:51
201,Chumikan,54.72,135.31,32.54,96,100,29.12,RU,2020-11-01 00:18:36
202,Hami,42.8,93.45,35.2,72,0,6.89,CN,2020-11-01 00:12:15
203,Zaria,11.11,7.72,74.68,28,52,5.59,NG,2020-11-01 00:18:36
204,Mangai,-4.05,19.53,70.12,96,17,1.34,CD,2020-11-01 00:15:59
205,Bathsheba,13.22,-59.52,78.8,88,75,4.7,BB,2020-11-01 00:12:06
206,Wote,-1.78,37.63,65.37,89,75,5.7,KE,2020-11-01 00:18:36
207,Beringovskiy,63.05,179.32,20.59,95,99,11.81,RU,2020-11-01 00:11:40
208,Honningsvag,70.98,25.97,40.87,75,64,19.1,NO,2020-11-01 00:18:37
209,Coihaique,-45.58,-72.07,71.6,33,0,5.82,CL,2020-11-01 00:17:52
210,Coolum Beach,-26.53,153.1,82.99,41,2,4.0,AU,2020-11-01 00:14:17
211,Oranjemund,-28.55,16.43,58.48,74,0,9.64,NA,2020-11-01 00:15:17
212,Seoni Malwa,22.45,77.47,63.77,42,0,3.4,IN,2020-11-01 00:18:37
213,Dalvik,65.97,-18.53,37.4,72,90,3.8,IS,2020-11-01 00:18:38
214,Kualakapuas,-3.01,114.39,79.77,85,98,1.77,ID,2020-11-01 00:18:38
215,Patea,-39.76,174.48,62.01,77,89,14.0,NZ,2020-11-01 00:18:38
216,Paramonga,-10.67,-77.83,61.79,86,79,5.46,PE,2020-11-01 00:16:02
217,Bowen,-20.02,148.23,86.0,51,0,8.05,AU,2020-11-01 00:11:29
218,Airai,-8.93,125.41,72.77,41,39,2.39,TL,2020-11-01 00:12:31
219,Nelson Bay,-32.72,152.15,70.0,68,40,13.87,AU,2020-11-01 00:15:32
220,Darhan,49.49,105.92,24.48,92,59,2.59,MN,2020-11-01 00:18:39
221,Petlawad,23.0,74.8,67.03,27,0,8.39,IN,2020-11-01 00:18:39
222,Ryotsu,38.08,138.43,53.6,71,75,9.17,JP,2020-11-01 00:18:39
223,Tokur,53.13,132.9,27.64,97,100,4.12,RU,2020-11-01 00:18:39
224,Pabellon De Hidalgo,22.17,-102.35,82.4,11,5,5.82,MX,2020-11-01 00:18:39
225,Christchurch,-43.53,172.63,63.0,67,51,17.22,NZ,2020-11-01 00:11:39
226,Port Macquarie,-31.43,152.92,78.01,42,0,3.0,AU,2020-11-01 00:12:55
227,Padang,-0.95,100.35,77.4,83,100,7.81,ID,2020-11-01 00:12:17
228,Puerto Madryn,-42.77,-65.04,72.07,24,0,23.64,AR,2020-11-01 00:15:22
229,San Felipe,10.34,-68.74,75.02,93,100,3.58,VE,2020-11-01 00:18:40
230,Hilo,19.73,-155.09,86.0,62,40,10.29,US,2020-11-01 00:08:03
231,Kloulklubed,7.04,134.26,80.6,78,90,9.17,PW,2020-11-01 00:11:11
232,Buala,-8.14,159.59,86.74,61,46,1.57,SB,2020-11-01 00:18:41
233,Swellendam,-34.02,20.44,48.2,93,0,3.36,ZA,2020-11-01 00:14:45
234,Rocha,-34.48,-54.33,48.56,91,2,2.24,UY,2020-11-01 00:15:59
235,Langxiang,46.95,128.88,35.22,82,94,14.65,CN,2020-11-01 00:18:41
236,Ilinskiy,55.62,38.12,43.0,93,0,6.71,RU,2020-11-01 00:15:34
237,Mogoytuy,51.28,114.92,24.98,95,100,11.97,RU,2020-11-01 00:18:41
238,Kijang,35.24,129.21,53.6,81,0,2.24,KR,2020-11-01 00:11:52
239,Longyearbyen,78.22,15.64,24.8,73,40,12.75,SJ,2020-11-01 00:11:23
240,Aleysk,52.49,82.78,28.47,97,82,5.59,RU,2020-11-01 00:18:42
241,Maumere,-8.62,122.21,84.94,58,48,1.21,ID,2020-11-01 00:18:42
242,Ventspils,57.39,21.56,46.4,87,90,6.93,LV,2020-11-01 00:18:42
243,Nishihara,26.18,127.76,75.2,64,20,8.05,JP,2020-11-01 00:16:09
244,Portland,45.52,-122.68,61.0,68,47,5.57,US,2020-11-01 00:09:24
245,Kudahuvadhoo,2.67,72.89,82.31,73,73,5.26,MV,2020-11-01 00:18:43
246,The Valley,18.22,-63.06,82.4,74,40,14.99,AI,2020-11-01 00:15:04
247,Murmashi,68.82,32.81,30.2,74,75,2.24,RU,2020-11-01 00:18:43
248,Dunedin,-45.87,170.5,57.99,68,23,10.0,NZ,2020-11-01 00:11:59
249,Omboue,-1.57,9.26,76.89,90,97,6.58,GA,2020-11-01 00:16:44
250,Nexo,55.06,15.13,51.8,100,86,17.22,DK,2020-11-01 00:18:44
251,Omsukchan,62.53,155.8,17.55,94,100,6.42,RU,2020-11-01 00:15:22
252,Misratah,32.38,15.09,69.8,66,48,10.69,LY,2020-11-01 00:18:44
253,Kidal,18.44,1.41,77.27,18,38,11.03,ML,2020-11-01 00:18:44
254,San Cristobal,7.77,-72.22,68.68,92,95,1.32,VE,2020-11-01 00:11:24
255,Gayny,60.31,54.32,28.96,97,95,6.71,RU,2020-11-01 00:18:44
256,Kaili,-3.46,120.21,76.14,74,92,0.87,ID,2020-11-01 00:18:45
257,Nara,34.69,135.8,61.0,76,75,2.24,JP,2020-11-01 00:18:45
258,Chernyshevskiy,63.01,112.47,-3.17,92,20,1.86,RU,2020-11-01 00:09:59
259,Ambilobe,-13.2,49.05,70.21,66,70,4.92,MG,2020-11-01 00:18:45
260,Myaundzha,63.05,147.19,3.49,92,99,2.3,RU,2020-11-01 00:18:45
261,Sisimiut,66.94,-53.67,20.71,96,100,7.85,GL,2020-11-01 00:12:46
262,Praya,14.92,-23.51,77.0,73,75,19.46,CV,2020-11-01 00:15:27
263,Honiara,-9.43,159.95,87.8,70,20,6.93,SB,2020-11-01 00:12:00
264,Kavaratti,10.57,72.64,81.7,70,46,4.43,IN,2020-11-01 00:12:19
265,Turayf,31.67,38.66,60.8,21,0,9.17,SA,2020-11-01 00:10:47
266,Staraya Vichuga,57.27,41.88,35.24,94,72,7.0,RU,2020-11-01 00:18:46
267,Amga,60.9,131.96,-8.86,88,27,1.41,RU,2020-11-01 00:18:46
268,Sungairaya,0.7,108.9,81.46,78,87,2.13,ID,2020-11-01 00:18:46
269,Oussouye,12.48,-16.55,77.0,94,0,3.62,SN,2020-11-01 00:18:47
270,Severnyy,50.68,36.55,48.2,100,90,8.95,RU,2020-11-01 00:18:47
271,Luderitz,-26.65,15.16,63.21,50,14,20.67,NA,2020-11-01 00:12:27
272,Katsuura,35.13,140.3,60.01,67,75,9.17,JP,2020-11-01 00:09:07
273,Srednekolymsk,67.45,153.68,7.14,94,100,3.91,RU,2020-11-01 00:16:07
274,Kununurra,-15.77,128.73,87.8,74,79,3.36,AU,2020-11-01 00:18:47
275,Te Anau,-45.42,167.72,53.8,61,63,9.22,NZ,2020-11-01 00:11:40
276,Harper,4.38,-7.72,77.67,88,78,7.36,LR,2020-11-01 00:11:47
277,Miri,4.41,114.01,77.0,94,20,2.24,MY,2020-11-01 00:18:48
278,Pokosnoye,55.53,101.05,12.9,90,18,4.54,RU,2020-11-01 00:18:48
279,Kamenka,51.32,42.77,49.15,82,100,11.97,RU,2020-11-01 00:15:29
280,Nogent-Le-Rotrou,48.33,1.0,55.4,93,100,8.05,FR,2020-11-01 00:18:48
281,Santiago,-33.46,-70.65,72.0,49,0,11.41,CL,2020-11-01 00:13:10
282,Cockburn Town,21.46,-71.14,82.47,79,97,20.74,TC,2020-11-01 00:11:39
283,Roma,43.21,-75.46,37.4,64,1,3.36,US,2020-11-01 00:08:31
284,Muravlenko,63.79,74.52,30.0,99,100,12.68,RU,2020-11-01 00:08:18
285,Mount Gambier,-37.83,140.77,57.2,71,75,11.41,AU,2020-11-01 00:11:15
286,Anloga,5.79,0.9,80.6,88,40,9.17,GH,2020-11-01 00:15:15
287,Tura,25.52,90.22,71.1,94,100,1.28,IN,2020-11-01 00:12:39
288,Bukama,-9.2,25.85,69.93,86,2,1.52,CD,2020-11-01 00:18:50
289,Chapais,49.78,-74.85,26.6,68,75,10.29,CA,2020-11-01 00:12:16
290,Victoria,22.29,114.16,73.99,77,86,1.01,HK,2020-11-01 00:11:20
291,Erenhot,43.65,111.98,29.1,76,25,8.48,CN,2020-11-01 00:15:06
292,Tha Chang,9.26,99.19,82.99,100,20,3.85,TH,2020-11-01 00:18:50
293,Waipawa,-41.41,175.52,64.4,48,2,19.46,NZ,2020-11-01 00:15:28
294,Sam Roi Yot,12.27,99.87,78.8,94,40,2.24,TH,2020-11-01 00:18:50
295,Ahipara,-35.17,173.17,69.46,65,13,5.12,NZ,2020-11-01 00:08:22
296,Qurayyat,31.33,37.34,64.4,27,0,16.11,SA,2020-11-01 00:18:51
297,Woodward,36.43,-99.39,64.4,41,1,9.17,US,2020-11-01 00:18:51
298,Hervey Bay,-25.3,152.85,87.01,54,0,6.93,AU,2020-11-01 00:11:19
299,Ulladulla,-35.35,150.47,59.0,100,75,21.92,AU,2020-11-01 00:18:51
300,Ranfurly,-45.13,170.1,66.99,62,0,1.01,NZ,2020-11-01 00:18:52
301,Pecos,31.42,-103.49,78.8,20,1,7.99,US,2020-11-01 00:18:52
302,Madimba,-10.4,40.33,73.4,94,40,1.32,TZ,2020-11-01 00:18:52
303,Zinder,13.81,8.99,78.69,18,2,11.45,NE,2020-11-01 00:18:52
304,Masallatah,32.62,14.0,64.98,69,40,5.7,LY,2020-11-01 00:18:52
305,Bodden Town,19.28,-81.25,84.2,79,40,11.41,KY,2020-11-01 00:15:47
306,Saint Anthony,45.02,-93.22,48.2,49,90,19.46,US,2020-11-01 00:12:47
307,Provideniya,64.38,-173.3,23.5,87,37,5.06,RU,2020-11-01 00:11:36
308,Apatou,5.16,-54.35,81.05,72,73,6.69,GF,2020-11-01 00:18:53
309,Praia,14.92,-23.51,77.0,73,75,19.46,CV,2020-11-01 00:15:30
310,Asau,46.43,26.4,46.4,87,75,18.34,RO,2020-11-01 00:12:41
311,Sangar,63.92,127.47,-14.71,88,11,1.36,RU,2020-11-01 00:18:54
312,Tabuk,17.42,121.44,72.88,84,100,8.19,PH,2020-11-01 00:07:22
313,Liepaja,56.54,21.04,46.4,87,0,5.82,LV,2020-11-01 00:18:54
314,Biysk,52.54,85.21,28.94,97,98,3.18,RU,2020-11-01 00:18:54
315,Ballina,-28.87,153.57,77.0,38,0,11.41,AU,2020-11-01 00:15:09
316,Zhaoqing,23.05,112.46,75.0,99,7,0.67,CN,2020-11-01 00:18:54
317,Sheboygan,43.73,-87.93,51.01,66,90,14.99,US,2020-11-01 00:18:55
318,Miyako,39.64,141.95,56.5,62,71,8.59,JP,2020-11-01 00:18:55
319,Penzance,50.12,-5.54,53.6,93,100,29.97,GB,2020-11-01 00:18:55
320,Huanren,41.26,125.37,44.78,67,32,2.21,CN,2020-11-01 00:18:55
321,Mpwapwa,-6.35,36.48,65.91,82,86,3.78,TZ,2020-11-01 00:18:55
322,Grand Gaube,-20.01,57.66,66.2,82,40,11.41,MU,2020-11-01 00:12:10
323,Xining,36.62,101.77,33.44,83,100,1.03,CN,2020-11-01 00:11:39
324,Molteno,-31.4,26.36,50.88,85,93,7.74,ZA,2020-11-01 00:18:56
325,Port-Gentil,-0.72,8.78,78.8,94,40,11.41,GA,2020-11-01 00:11:57
326,Itoman,26.12,127.67,75.2,60,20,10.29,JP,2020-11-01 00:18:56
327,Seoul,37.57,126.98,57.2,87,90,3.36,KR,2020-11-01 00:15:09
328,Nouadhibou,20.93,-17.03,68.0,82,40,11.41,MR,2020-11-01 00:17:55
329,Esperance,-33.87,121.9,66.2,82,99,10.29,AU,2020-11-01 00:12:22
330,Kinsale,51.71,-8.53,51.01,100,75,24.16,IE,2020-11-01 00:18:57
331,Boone,39.03,-92.33,62.6,36,1,8.01,US,2020-11-01 00:18:57
332,Evensk,61.95,159.23,25.48,91,82,13.62,RU,2020-11-01 00:12:01
333,Moose Factory,51.26,-80.61,37.4,74,90,18.34,CA,2020-11-01 00:18:57
334,Canon City,38.44,-105.24,59.0,33,1,12.75,US,2020-11-01 00:14:03
335,Fayaoue,-20.65,166.53,77.13,80,17,15.59,NC,2020-11-01 00:18:58
336,Kahului,20.89,-156.47,89.6,43,20,11.41,US,2020-11-01 00:12:20
337,Lata,40.16,-8.33,64.0,95,85,1.57,PT,2020-11-01 00:07:13
338,Birjand,32.87,59.22,35.6,8,0,4.7,IR,2020-11-01 00:18:58
339,Pandan,14.05,124.17,77.49,82,100,33.35,PH,2020-11-01 00:18:58
340,La Rioja,42.25,-2.5,55.0,93,0,7.34,ES,2020-11-01 00:18:59
341,Yurimaguas,-5.9,-76.08,75.54,76,48,4.09,PE,2020-11-01 00:18:59
342,Hambantota,6.12,81.12,78.58,81,80,6.33,LK,2020-11-01 00:18:59
343,Bajil,15.06,43.29,81.63,59,0,2.53,YE,2020-11-01 00:18:59
344,Salalah,17.02,54.09,73.4,35,0,4.7,OM,2020-11-01 00:11:51
345,Gold Coast,-28.0,153.43,81.0,32,0,8.05,AU,2020-11-01 00:19:00
346,Dourbali,11.81,15.86,82.22,20,44,10.8,TD,2020-11-01 00:19:00
347,Ola,59.58,151.28,33.69,91,100,8.9,RU,2020-11-01 00:19:00
348,Coaticook,45.13,-71.8,33.8,68,0,2.24,CA,2020-11-01 00:19:00
349,Vanimo,-2.67,141.3,86.18,62,64,6.15,PG,2020-11-01 00:14:50
350,Zhanakorgan,43.91,67.25,41.68,61,0,5.32,KZ,2020-11-01 00:19:00
351,Berlevag,70.86,29.09,37.9,81,100,17.02,NO,2020-11-01 00:12:18
352,Oktyabrskiy,54.48,53.47,40.69,88,100,2.44,RU,2020-11-01 00:17:50
353,Tevaitoa,-16.78,-151.5,80.06,72,1,19.04,PF,2020-11-01 00:19:01
354,Naze,28.37,129.48,75.2,88,75,10.29,JP,2020-11-01 00:12:05
355,Vila Velha,-20.33,-40.29,69.8,88,90,8.05,BR,2020-11-01 00:11:59
356,Artigas,-30.4,-56.47,59.02,81,8,11.45,UY,2020-11-01 00:16:26
357,Quatre Cocos,-20.21,57.76,66.2,82,40,11.41,MU,2020-11-01 00:15:16
358,Bilma,18.69,12.92,71.19,31,0,16.17,NE,2020-11-01 00:13:07
359,Acajutla,13.59,-89.83,80.65,76,66,0.94,SV,2020-11-01 00:19:02
360,Bell Ville,-32.63,-62.69,62.01,44,0,1.99,AR,2020-11-01 00:19:02
361,Dauphin,51.15,-100.05,23.0,73,90,14.99,CA,2020-11-01 00:19:02
362,Caravelas,-17.71,-39.25,72.43,96,100,4.0,BR,2020-11-01 00:11:20
363,Cabras,39.93,8.53,55.99,78,0,2.33,IT,2020-11-01 00:19:03
364,Lasa,46.62,10.7,42.8,70,5,4.7,IT,2020-11-01 00:11:20
365,Spirit River,55.78,-118.84,39.0,74,100,11.41,CA,2020-11-01 00:19:03
366,Terenos,-20.44,-54.86,73.4,64,0,9.17,BR,2020-11-01 00:19:03
367,Lagoa,39.05,-27.98,68.38,93,64,24.2,PT,2020-11-01 00:12:15
368,Souillac,-20.52,57.52,66.2,82,40,11.41,MU,2020-11-01 00:11:19
369,Marzuq,14.4,46.47,62.37,41,0,1.05,YE,2020-11-01 00:19:04
370,Gutierrez Zamora,20.45,-97.08,78.8,54,5,11.41,MX,2020-11-01 00:19:04
371,Solnechnyy,50.72,136.63,35.82,92,100,5.99,RU,2020-11-01 00:12:29
372,Casper,42.87,-106.31,51.8,23,1,13.87,US,2020-11-01 00:19:04
373,Haines Junction,60.75,-137.51,12.2,72,100,5.82,CA,2020-11-01 00:11:58
374,San Jose,37.34,-121.89,78.8,27,20,6.93,US,2020-11-01 00:09:47
375,Shimoda,34.67,138.95,60.8,67,75,11.41,JP,2020-11-01 00:12:03
376,Green River,41.53,-109.47,50.0,21,1,9.17,US,2020-11-01 00:19:05
377,Niamey,13.51,2.11,80.6,28,0,2.24,NE,2020-11-01 00:12:47
378,Sistranda,63.73,8.83,50.0,57,0,33.33,NO,2020-11-01 00:12:05
379,Mayo,38.89,-76.51,48.0,70,75,5.82,US,2020-11-01 00:12:42
380,Brae,60.4,-1.35,50.0,81,98,44.96,GB,2020-11-01 00:19:06
381,Usta Muhammad,28.18,68.04,62.67,29,0,1.32,PK,2020-11-01 00:19:06
382,Praxedis Guerrero,31.37,-106.02,75.2,22,90,6.31,MX,2020-11-01 00:19:06
383,Alegrete,-29.78,-55.79,61.43,75,3,13.22,BR,2020-11-01 00:19:07
384,Saint-Pierre,-21.34,55.48,66.2,59,0,9.17,RE,2020-11-01 00:12:02
385,Pegnitz,49.76,11.54,46.99,93,1,4.45,DE,2020-11-01 00:19:07
386,Beloha,-25.17,45.05,63.84,84,0,8.97,MG,2020-11-01 00:12:32
387,Wilmington,34.23,-77.94,63.0,71,1,9.17,US,2020-11-01 00:19:07
388,Zhigansk,66.77,123.37,-1.89,92,98,5.35,RU,2020-11-01 00:12:52
389,Trat,12.5,102.5,75.9,90,79,6.13,TH,2020-11-01 00:19:08
390,Burnie,-41.07,145.92,61.0,61,41,5.99,AU,2020-11-01 00:12:04
391,Gogrial,8.53,28.1,75.15,79,19,3.15,SS,2020-11-01 00:19:08
392,Mandalgovi,45.76,106.27,19.69,84,1,9.01,MN,2020-11-01 00:15:32
393,Naryan-Mar,67.67,53.09,33.67,91,94,13.38,RU,2020-11-01 00:09:18
394,Komsomolskiy,40.43,71.72,42.8,35,53,6.93,UZ,2020-11-01 00:15:13
395,Sept-Iles,50.2,-66.38,32.0,87,0,10.29,CA,2020-11-01 00:12:02
396,Grand-Santi,4.25,-54.38,79.23,73,76,4.97,GF,2020-11-01 00:15:44
397,Calolziocorte,45.8,9.44,54.0,100,42,5.82,IT,2020-11-01 00:19:09
398,Araouane,18.9,-3.53,83.89,14,83,7.7,ML,2020-11-01 00:11:49
399,Piacabucu,-10.41,-36.43,77.79,85,75,11.95,BR,2020-11-01 00:09:25
400,Taltal,-25.4,-70.48,60.35,64,47,5.21,CL,2020-11-01 00:15:51
401,Half Moon Bay,37.46,-122.43,75.99,52,1,9.17,US,2020-11-01 00:15:50
402,Borba,-4.39,-59.59,77.83,87,86,2.15,BR,2020-11-01 00:19:10
403,Patan,27.67,85.33,57.2,87,20,3.36,NP,2020-11-01 00:19:10
404,Nome,64.5,-165.41,28.99,73,20,8.05,US,2020-11-01 00:12:17
405,Vaitape,-16.52,-151.75,80.44,71,0,19.46,PF,2020-11-01 00:14:18
406,Fortuna,40.6,-124.16,60.01,93,90,10.29,US,2020-11-01 00:12:09
407,Dingle,11.0,122.67,79.65,85,100,8.23,PH,2020-11-01 00:11:48
408,Tabou,4.42,-7.35,77.77,88,95,7.11,CI,2020-11-01 00:19:11
409,Bardiyah,31.76,25.09,69.24,73,33,8.46,LY,2020-11-01 00:19:11
410,Yar-Sale,66.83,70.83,25.88,97,16,10.69,RU,2020-11-01 00:17:06
411,Bria,6.54,21.99,68.58,89,52,2.86,CF,2020-11-01 00:19:11
412,Nemuro,43.32,145.57,51.8,76,75,5.82,JP,2020-11-01 00:11:30
413,Kayes,14.0,-11.0,80.46,22,93,3.83,ML,2020-11-01 00:12:29
414,Flin Flon,54.77,-101.86,19.4,67,20,8.05,CA,2020-11-01 00:11:26
415,Madang,-5.22,145.8,83.79,74,100,4.27,PG,2020-11-01 00:12:48
416,Muncar,-8.43,114.33,80.62,67,91,1.88,ID,2020-11-01 00:19:12
417,Sao Joao Da Barra,-21.64,-41.05,70.52,89,100,12.88,BR,2020-11-01 00:12:53
418,Caala,-12.85,15.56,62.44,87,98,2.66,AO,2020-11-01 00:19:12
419,Namibe,-15.2,12.15,76.53,73,69,6.02,AO,2020-11-01 00:07:19
420,Acapulco,16.86,-99.89,86.0,74,75,8.05,MX,2020-11-01 00:11:03
421,Norman Wells,65.28,-126.83,3.2,84,20,3.36,CA,2020-11-01 00:11:12
422,Porbandar,21.64,69.61,78.98,38,0,11.14,IN,2020-11-01 00:11:14
423,Smithers,54.78,-127.17,37.4,93,90,5.82,CA,2020-11-01 00:19:13
424,Montbeliard,47.52,6.8,53.01,93,72,5.82,FR,2020-11-01 00:19:14
425,Eyl,7.98,49.82,78.53,76,11,9.53,SO,2020-11-01 00:19:14
426,Vieques,18.43,-65.83,82.4,74,40,8.05,PR,2020-11-01 00:12:29
427,Payo,-3.75,103.64,74.95,92,100,0.51,ID,2020-11-01 00:19:14
428,Rawson,-43.3,-65.1,73.17,21,1,21.7,AR,2020-11-01 00:16:06
429,Makakilo City,21.35,-158.09,86.0,58,40,14.99,US,2020-11-01 00:12:28
430,Sitka,57.05,-135.33,51.8,87,90,16.11,US,2020-11-01 00:14:50
431,Lebedyn,50.59,34.48,49.3,89,100,11.61,UA,2020-11-01 00:19:15
432,Margate,51.38,1.39,52.0,76,83,1.99,GB,2020-11-01 00:11:32
433,Yerbogachen,61.28,108.01,0.25,92,0,1.68,RU,2020-11-01 00:15:49
434,Alma,48.55,-71.65,30.2,54,28,4.7,CA,2020-11-01 00:14:59
435,Codrington,-38.27,141.97,58.75,75,22,6.78,AU,2020-11-01 00:11:24
436,Bengkulu,-3.8,102.27,76.66,86,100,4.45,ID,2020-11-01 00:11:22
437,Yekepa,7.58,-8.54,70.52,81,60,1.52,LR,2020-11-01 00:19:16
438,Castres,43.58,2.17,50.0,93,0,4.7,FR,2020-11-01 00:19:16
439,Gigmoto,13.78,124.39,78.39,80,100,23.44,PH,2020-11-01 00:19:16
440,Bull Savanna,17.89,-77.59,77.74,83,88,3.11,JM,2020-11-01 00:19:16
441,Zavolzhsk,57.48,42.14,33.58,95,63,6.31,RU,2020-11-01 00:19:17
442,Chernyshevsk,52.52,117.02,25.0,88,100,6.31,RU,2020-11-01 00:15:41
443,Grimshaw,56.18,-117.6,33.8,80,90,10.29,CA,2020-11-01 00:16:15
444,Hualmay,-11.1,-77.61,62.02,85,63,7.54,PE,2020-11-01 00:11:36
445,Podgornoye,51.73,39.15,50.0,93,90,8.95,RU,2020-11-01 00:19:17
446,Lompoc,34.64,-120.46,78.8,36,1,10.29,US,2020-11-01 00:12:33
447,Olinda,-8.01,-34.86,82.4,74,75,9.17,BR,2020-11-01 00:09:16
448,Cosala,24.41,-106.69,82.99,66,4,5.01,MX,2020-11-01 00:19:18
449,Santa Cruz De La Palma,28.68,-17.76,82.4,21,0,13.87,ES,2020-11-01 00:19:18
450,Jerez,14.1,-89.75,73.4,73,75,6.93,GT,2020-11-01 00:19:18
451,Leer,53.23,7.46,54.0,93,68,1.01,DE,2020-11-01 00:19:19
452,Koratla,18.82,78.72,66.22,62,0,4.92,IN,2020-11-01 00:19:19
453,Vera Cruz,-12.63,-41.03,72.84,78,68,1.83,BR,2020-11-01 00:19:19
454,Walvis Bay,-22.96,14.51,54.0,87,0,5.82,NA,2020-11-01 00:12:23
455,Ondjiva,-17.07,15.73,73.47,61,30,9.71,AO,2020-11-01 00:19:19
456,Marau,-28.45,-52.2,56.71,78,6,9.66,BR,2020-11-01 00:19:20
457,Emporia,38.4,-96.18,64.4,45,1,5.82,US,2020-11-01 00:19:20
458,Roald,62.58,6.13,59.0,44,66,13.87,NO,2020-11-01 00:19:20
459,Vestmannaeyjar,63.44,-20.27,42.03,70,5,5.08,IS,2020-11-01 00:19:20
460,Belmonte,-15.86,-38.88,77.0,83,40,9.17,BR,2020-11-01 00:14:59
461,Beyneu,45.32,55.2,46.11,56,93,12.82,KZ,2020-11-01 00:19:21
462,Tual,-5.67,132.75,83.91,75,77,13.15,ID,2020-11-01 00:12:11
463,Bridlington,54.08,-0.19,50.0,76,67,11.41,GB,2020-11-01 00:15:50
464,Limon,10.0,-83.03,80.6,83,75,8.05,CR,2020-11-01 00:16:52
465,Coruripe,-10.13,-36.18,77.47,85,61,12.03,BR,2020-11-01 00:19:10
466,Tanabi,-20.63,-49.65,73.4,49,20,14.99,BR,2020-11-01 00:16:32
467,Andreapol,56.65,32.27,40.15,90,66,4.7,RU,2020-11-01 00:19:21
468,Bentiu,9.23,29.83,74.39,82,69,2.68,SS,2020-11-01 00:19:22
469,Saint-Denis,48.92,2.33,55.99,87,90,3.36,FR,2020-11-01 00:19:22
470,Weihai,37.5,122.11,59.31,51,99,16.06,CN,2020-11-01 00:19:22
471,Fasa,28.94,53.65,46.4,36,0,2.15,IR,2020-11-01 00:11:37
472,Keffi,8.85,7.87,75.2,88,0,3.36,NG,2020-11-01 00:19:22
473,Kyren,51.68,102.14,19.9,90,91,1.95,RU,2020-11-01 00:15:26
474,Rohnert Park,38.34,-122.7,82.0,22,1,4.7,US,2020-11-01 00:17:08
475,Kotma,23.2,81.97,62.69,47,0,2.44,IN,2020-11-01 00:19:23
476,Prieska,-29.66,22.75,62.73,74,20,10.16,ZA,2020-11-01 00:19:23
477,Husavik,66.04,-17.34,37.4,75,90,4.18,IS,2020-11-01 00:11:53
478,Sindou,10.67,-5.17,76.42,37,0,2.35,BF,2020-11-01 00:19:23
479,Soe,-9.86,124.28,81.55,36,85,4.0,ID,2020-11-01 00:15:46
480,College,64.86,-147.8,10.0,71,90,2.06,US,2020-11-01 00:12:52
481,Menziken,47.25,8.18,46.0,100,40,3.36,CH,2020-11-01 00:19:24
482,Meulaboh,4.14,96.13,78.15,81,100,4.85,ID,2020-11-01 00:15:51
483,Ilulissat,69.22,-51.1,21.2,73,100,10.29,GL,2020-11-01 00:12:12
484,Batouri,4.43,14.37,68.16,94,82,1.25,CM,2020-11-01 00:19:24
485,Gimli,50.63,-96.99,26.6,79,100,20.8,CA,2020-11-01 00:19:25
486,Ukiah,39.15,-123.21,82.4,18,1,3.36,US,2020-11-01 00:19:05
487,Brandon,27.94,-82.29,80.6,78,75,11.25,US,2020-11-01 00:15:04
488,Nikolskoye,59.7,30.79,34.0,100,18,2.24,RU,2020-11-01 00:11:20
489,Daru,-9.08,143.21,84.47,70,78,13.24,PG,2020-11-01 00:19:25
490,Igrim,63.19,64.42,29.39,96,83,7.11,RU,2020-11-01 00:19:25
491,Aksu,41.12,80.26,37.08,71,0,1.48,CN,2020-11-01 00:15:33
492,Yorosso,12.35,-4.78,77.65,25,1,3.8,ML,2020-11-01 00:19:26
493,Ungheni,47.2,27.8,46.4,93,90,11.41,MD,2020-11-01 00:19:26
494,Ewa Beach,21.32,-158.01,86.0,58,40,14.99,US,2020-11-01 00:15:58
495,Poum,-20.23,164.02,78.71,75,16,21.5,NC,2020-11-01 00:07:52
496,Salinopolis,-0.61,-47.36,80.58,80,50,12.77,BR,2020-11-01 00:19:26
497,Nuuk,64.18,-51.72,23.0,85,100,8.05,GL,2020-11-01 00:15:09
498,Skjervoy,70.03,20.97,42.31,66,1,13.49,NO,2020-11-01 00:12:28
499,Kawalu,-7.38,108.21,75.51,83,61,1.19,ID,2020-11-01 00:14:53
500,Pontes E Lacerda,-15.23,-59.34,75.61,56,26,3.47,BR,2020-11-01 00:19:27
501,Hiji,33.37,131.53,62.6,72,75,3.36,JP,2020-11-01 00:19:27
502,Liling,27.67,113.5,62.6,93,90,6.71,CN,2020-11-01 00:19:27
503,Hoogeveen,52.68,6.58,52.0,95,88,5.99,NL,2020-11-01 00:19:27
504,Morehead,37.27,-87.18,60.8,51,1,3.36,US,2020-11-01 00:19:28
505,Makaryev,57.88,43.81,32.7,95,88,7.38,RU,2020-11-01 00:19:28
506,Humaita,-7.51,-63.02,75.09,96,100,5.53,BR,2020-11-01 00:19:28
507,Petropavlovsk-Kamchatskiy,53.05,158.65,42.8,60,40,11.18,RU,2020-11-01 00:17:00
508,Labrea,-7.26,-64.8,71.73,97,100,2.44,BR,2020-11-01 00:19:28
509,Tingi,-11.3,35.03,63.34,82,46,4.34,TZ,2020-11-01 00:19:29
510,Noumea,-22.28,166.46,87.8,38,0,6.93,NC,2020-11-01 00:06:52
511,Wladyslawowo,54.79,18.4,44.01,93,90,11.41,PL,2020-11-01 00:19:29
512,North Vanlaiphai,23.13,93.07,58.86,100,100,2.15,IN,2020-11-01 00:19:29
513,Porto Velho,-8.76,-63.9,75.2,94,75,3.36,BR,2020-11-01 00:19:29
514,Kumluca,36.37,30.29,67.48,56,0,5.32,TR,2020-11-01 00:19:29
515,Mount Pleasant,32.79,-79.86,66.99,88,90,4.7,US,2020-11-01 00:19:30
516,Ferrol,43.48,-8.24,68.0,77,100,21.0,ES,2020-11-01 00:19:30
517,Mazagao,-0.12,-51.29,86.0,79,0,11.41,BR,2020-11-01 00:19:30
518,Kieta,-6.22,155.63,85.28,66,28,3.27,PG,2020-11-01 00:15:23
519,Miquelon,47.1,-56.38,35.6,59,75,18.34,PM,2020-11-01 00:19:30
520,Sandwick,60.0,-1.25,50.0,81,83,44.96,GB,2020-11-01 00:19:31
521,Kapuskasing,49.42,-82.43,35.6,69,100,19.46,CA,2020-11-01 00:19:31
522,Malinovskiy,61.2,62.84,29.46,96,97,10.33,RU,2020-11-01 00:19:31
523,Onguday,50.75,86.15,22.84,89,93,2.3,RU,2020-11-01 00:19:31
524,Simao,22.79,100.97,60.96,95,17,1.9,CN,2020-11-01 00:19:31
525,Santa Maria,-29.68,-53.81,66.2,59,0,9.17,BR,2020-11-01 00:11:13
526,Aripuana,-9.17,-60.63,74.07,96,100,2.15,BR,2020-11-01 00:19:31
527,Northam,51.03,-4.22,53.01,87,100,11.01,GB,2020-11-01 00:16:29
528,Pozo Colorado,-23.49,-58.8,72.66,50,0,6.93,PY,2020-11-01 00:19:32
529,Puerto Quijarro,-17.78,-57.77,80.91,49,81,5.86,BO,2020-11-01 00:19:32
530,Bonthe,7.53,-12.51,78.55,83,0,3.49,SL,2020-11-01 00:08:45
531,Nueve De Julio,-35.44,-60.88,60.01,70,0,1.01,AR,2020-11-01 00:17:52
532,Stornoway,58.21,-6.39,45.0,87,82,16.11,GB,2020-11-01 00:19:33
533,Townsville,-19.25,146.8,84.99,66,90,11.41,AU,2020-11-01 00:17:22
534,Baykit,61.67,96.37,0.63,89,70,3.4,RU,2020-11-01 00:15:22
535,Ranot,7.78,100.32,80.01,79,96,4.0,TH,2020-11-01 00:19:33
536,Derzhavinsk,51.1,66.32,36.37,73,33,7.09,KZ,2020-11-01 00:12:36
537,Saint-Joseph,-21.37,55.62,66.2,59,0,9.17,RE,2020-11-01 00:18:25
538,Lipin Bor,60.26,37.98,30.4,96,0,4.23,RU,2020-11-01 00:19:34
539,Ayorou,14.73,0.92,84.97,14,0,11.81,NE,2020-11-01 00:19:34
540,Thabazimbi,-24.59,27.41,68.0,62,67,3.0,ZA,2020-11-01 00:19:34
541,Masterton,-40.96,175.66,63.0,74,18,7.0,NZ,2020-11-01 00:19:35
542,Poso,-1.4,120.75,83.14,64,98,3.98,ID,2020-11-01 00:07:08
543,Udachnyy,66.42,112.4,-4.0,91,0,2.24,RU,2020-11-01 00:11:57
544,Sao Felix Do Xingu,-6.64,-51.99,76.06,80,99,0.45,BR,2020-11-01 00:12:25
545,Tiksi,71.69,128.87,0.3,92,98,6.38,RU,2020-11-01 00:11:21
546,Inhambane,-23.86,35.38,71.78,74,34,11.39,MZ,2020-11-01 00:07:51
547,Avera,33.19,-82.53,60.8,72,90,6.93,US,2020-11-01 00:15:08
548,Libenge,3.65,18.63,71.46,93,12,2.01,CD,2020-11-01 00:19:36
549,Parsabad,39.65,47.92,55.4,100,20,9.17,IR,2020-11-01 00:19:36
550,Shenjiamen,29.96,122.3,68.04,78,38,2.64,CN,2020-11-01 00:19:36
551,Katangli,51.71,143.23,41.4,81,100,15.52,RU,2020-11-01 00:19:36
552,Ayan,56.45,138.17,26.22,96,100,18.41,RU,2020-11-01 00:19:36
553,Talara,-4.58,-81.27,64.13,88,27,14.27,PE,2020-11-01 00:14:34
554,Kampong Thum,12.71,104.89,75.51,87,64,4.56,KH,2020-11-01 00:12:33
555,Elko,41.0,-115.5,66.2,14,1,10.29,US,2020-11-01 00:12:38
556,Road Town,18.42,-64.62,82.4,74,40,13.87,VG,2020-11-01 00:19:37
557,Shaowu,27.34,117.48,65.84,71,67,0.54,CN,2020-11-01 00:12:46
558,La Ronge,55.1,-105.28,19.4,79,41,3.36,CA,2020-11-01 00:11:48
559,Kimbe,-5.55,150.14,89.98,54,17,3.15,PG,2020-11-01 00:19:37
560,Abnub,27.27,31.15,68.47,70,0,10.8,EG,2020-11-01 00:19:38
561,Jetpur,21.73,70.62,73.58,35,0,5.12,IN,2020-11-01 00:14:54
562,Rongcheng,30.63,117.85,59.9,81,100,0.74,CN,2020-11-01 00:19:38
563,Imeni Poliny Osipenko,52.42,136.49,33.55,98,100,3.4,RU,2020-11-01 00:08:33
564,Mana,5.66,-53.78,81.37,81,90,10.74,GF,2020-11-01 00:12:09
565,Verkh-Usugli,52.7,115.17,22.12,95,100,4.54,RU,2020-11-01 00:16:20
566,Qandala,11.47,49.87,77.81,70,0,7.27,SO,2020-11-01 00:19:39
567,Port Said,31.26,32.28,74.59,64,68,9.73,EG,2020-11-01 00:12:42
568,Perth,-31.93,115.83,61.0,93,75,5.82,AU,2020-11-01 00:19:32
569,Dakar,14.69,-17.44,78.8,94,0,4.7,SN,2020-11-01 00:16:57
570,Necochea,-38.55,-58.74,57.0,65,0,7.0,AR,2020-11-01 00:14:45
571,Waraseoni,21.75,80.03,63.12,57,0,6.64,IN,2020-11-01 00:19:39
572,Saint-Georges,12.06,-61.75,80.6,83,75,17.22,GD,2020-11-01 00:12:49
573,Veraval,20.9,70.37,78.3,44,0,7.36,IN,2020-11-01 00:19:40
574,Puerto Ayacucho,5.66,-67.62,78.62,90,97,1.9,VE,2020-11-01 00:19:40
575,Izhmorskiy,56.19,86.64,33.1,94,100,12.57,RU,2020-11-01 00:19:40
